Reporting starts,Reporting ends,Day,Account ID,Account name,Campaign name,Campaign ID,Campaign delivery,Objective,Ad set name,Ad set ID,Ad set delivery,Ad name,Ad ID,Ad delivery,Amount spent (GBP),Impressions,Reach,Frequency,Link clicks,CTR (link click-through rate),CPC (cost per link click) (GBP),"CPM (cost per 1,000 impressions) (GBP)",Results,Result indicator,Cost per result (GBP),Purchases,Purchases conversion value (GBP),Attribution setting
2026-09-17,2026-09-17,2026-09-17,1234567890,Bloom Botanicals,Prospecting | Broad | Spring Serum,120210000000000001,active,OUTCOME_SALES,Broad · UK · 25–54,120210000000000011,active,"Serum – UGC, Before/After – Video 15s",120210000000000111,active,62.40,6568,5254,1.25,99,1.51,0.63,9.50,4,actions:offsite_conversion.fb_pixel_purchase,15.60,4,192.00,7-day click or 1-day view
2026-09-17,2026-09-17,2026-09-17,1234567890,Bloom Botanicals,Prospecting | Broad | Spring Serum,120210000000000001,active,OUTCOME_SALES,Broad · UK · 18–34,120210000000000012,active,"Serum – ""Glow"" Static",120210000000000121,active,31.20,3284,2627,1.25,39,1.19,0.80,9.50,1,actions:offsite_conversion.fb_pixel_purchase,31.20,1,46.00,7-day click or 1-day view
2026-09-17,2026-09-17,2026-09-17,1234567890,Bloom Botanicals,Retargeting | Site Visitors 30D,120210000000000002,active,OUTCOME_SALES,Visitors 30D excl. buyers,120210000000000021,active,Catalogue – Carousel,120210000000000211,active,26.00,2737,2190,1.25,68,2.48,0.38,9.50,5,actions:offsite_conversion.fb_pixel_purchase,5.20,5,260.00,7-day click or 1-day view
2026-09-17,2026-09-17,2026-09-17,1234567890,Bloom Botanicals,Retargeting | Site Visitors 30D,120210000000000002,active,OUTCOME_SALES,Visitors 30D excl. buyers,120210000000000021,active,Free Delivery – Static,120210000000000212,active,15.60,1642,1314,1.25,33,2.01,0.47,9.50,2,actions:offsite_conversion.fb_pixel_purchase,7.80,2,100.00,7-day click or 1-day view
2026-09-17,2026-09-17,2026-09-17,1234567890,Bloom Botanicals,Prospecting | Lookalike 3% | Night Cream,120210000000000003,active,OUTCOME_SALES,LAL 3% Purchasers,120210000000000031,active,Night Cream – Texture – Video 6s,120210000000000311,active,41.60,4379,3503,1.25,44,1.00,0.95,9.50,,actions:offsite_conversion.fb_pixel_purchase,,,,7-day click or 1-day view
2026-09-18,2026-09-18,2026-09-18,1234567890,Bloom Botanicals,Prospecting | Broad | Spring Serum,120210000000000001,active,OUTCOME_SALES,Broad · UK · 25–54,120210000000000011,active,"Serum – UGC, Before/After – Video 15s",120210000000000111,active,55.20,5811,4649,1.25,87,1.50,0.63,9.50,3,actions:offsite_conversion.fb_pixel_purchase,18.40,3,144.00,7-day click or 1-day view
2026-09-18,2026-09-18,2026-09-18,1234567890,Bloom Botanicals,Prospecting | Broad | Spring Serum,120210000000000001,active,OUTCOME_SALES,Broad · UK · 18–34,120210000000000012,active,"Serum – ""Glow"" Static",120210000000000121,active,27.60,2905,2324,1.25,35,1.20,0.79,9.50,1,actions:offsite_conversion.fb_pixel_purchase,27.60,1,46.00,7-day click or 1-day view
2026-09-18,2026-09-18,2026-09-18,1234567890,Bloom Botanicals,Retargeting | Site Visitors 30D,120210000000000002,active,OUTCOME_SALES,Visitors 30D excl. buyers,120210000000000021,active,Catalogue – Carousel,120210000000000211,active,23.00,2421,1937,1.25,61,2.52,0.38,9.50,5,actions:offsite_conversion.fb_pixel_purchase,4.60,5,260.00,7-day click or 1-day view
2026-09-18,2026-09-18,2026-09-18,1234567890,Bloom Botanicals,Retargeting | Site Visitors 30D,120210000000000002,active,OUTCOME_SALES,Visitors 30D excl. buyers,120210000000000021,active,Free Delivery – Static,120210000000000212,active,13.80,1453,1162,1.25,29,2.00,0.48,9.50,2,actions:offsite_conversion.fb_pixel_purchase,6.90,2,100.00,7-day click or 1-day view
2026-09-18,2026-09-18,2026-09-18,1234567890,Bloom Botanicals,Prospecting | Lookalike 3% | Night Cream,120210000000000003,active,OUTCOME_SALES,LAL 3% Purchasers,120210000000000031,active,Night Cream – Texture – Video 6s,120210000000000311,active,36.80,3874,3099,1.25,39,1.01,0.94,9.50,,actions:offsite_conversion.fb_pixel_purchase,,,,7-day click or 1-day view
2026-09-19,2026-09-19,2026-09-19,1234567890,Bloom Botanicals,Prospecting | Broad | Spring Serum,120210000000000001,active,OUTCOME_SALES,Broad · UK · 25–54,120210000000000011,active,"Serum – UGC, Before/After – Video 15s",120210000000000111,active,60.00,6316,5053,1.25,95,1.50,0.63,9.50,4,actions:offsite_conversion.fb_pixel_purchase,15.00,4,192.00,7-day click or 1-day view
2026-09-19,2026-09-19,2026-09-19,1234567890,Bloom Botanicals,Prospecting | Broad | Spring Serum,120210000000000001,active,OUTCOME_SALES,Broad · UK · 18–34,120210000000000012,active,"Serum – ""Glow"" Static",120210000000000121,active,30.00,3158,2526,1.25,38,1.20,0.79,9.50,1,actions:offsite_conversion.fb_pixel_purchase,30.00,1,46.00,7-day click or 1-day view
2026-09-19,2026-09-19,2026-09-19,1234567890,Bloom Botanicals,Retargeting | Site Visitors 30D,120210000000000002,active,OUTCOME_SALES,Visitors 30D excl. buyers,120210000000000021,active,Catalogue – Carousel,120210000000000211,active,25.00,2632,2106,1.25,66,2.51,0.38,9.50,5,actions:offsite_conversion.fb_pixel_purchase,5.00,5,260.00,7-day click or 1-day view
2026-09-19,2026-09-19,2026-09-19,1234567890,Bloom Botanicals,Retargeting | Site Visitors 30D,120210000000000002,active,OUTCOME_SALES,Visitors 30D excl. buyers,120210000000000021,active,Free Delivery – Static,120210000000000212,active,15.00,1579,1263,1.25,32,2.03,0.47,9.50,2,actions:offsite_conversion.fb_pixel_purchase,7.50,2,100.00,7-day click or 1-day view
2026-09-19,2026-09-19,2026-09-19,1234567890,Bloom Botanicals,Prospecting | Lookalike 3% | Night Cream,120210000000000003,active,OUTCOME_SALES,LAL 3% Purchasers,120210000000000031,active,Night Cream – Texture – Video 6s,120210000000000311,active,40.00,4211,3369,1.25,42,1.00,0.95,9.50,,actions:offsite_conversion.fb_pixel_purchase,,,,7-day click or 1-day view
2026-09-20,2026-09-20,2026-09-20,1234567890,Bloom Botanicals,Prospecting | Broad | Spring Serum,120210000000000001,active,OUTCOME_SALES,Broad · UK · 25–54,120210000000000011,active,"Serum – UGC, Before/After – Video 15s",120210000000000111,active,64.80,6821,5457,1.25,102,1.50,0.64,9.50,4,actions:offsite_conversion.fb_pixel_purchase,16.20,4,192.00,7-day click or 1-day view
2026-09-20,2026-09-20,2026-09-20,1234567890,Bloom Botanicals,Prospecting | Broad | Spring Serum,120210000000000001,active,OUTCOME_SALES,Broad · UK · 18–34,120210000000000012,active,"Serum – ""Glow"" Static",120210000000000121,active,32.40,3411,2729,1.25,41,1.20,0.79,9.50,1,actions:offsite_conversion.fb_pixel_purchase,32.40,1,46.00,7-day click or 1-day view
2026-09-20,2026-09-20,2026-09-20,1234567890,Bloom Botanicals,Retargeting | Site Visitors 30D,120210000000000002,active,OUTCOME_SALES,Visitors 30D excl. buyers,120210000000000021,active,Catalogue – Carousel,120210000000000211,active,27.00,2842,2274,1.25,71,2.50,0.38,9.50,6,actions:offsite_conversion.fb_pixel_purchase,4.50,6,312.00,7-day click or 1-day view
2026-09-20,2026-09-20,2026-09-20,1234567890,Bloom Botanicals,Retargeting | Site Visitors 30D,120210000000000002,active,OUTCOME_SALES,Visitors 30D excl. buyers,120210000000000021,active,Free Delivery – Static,120210000000000212,active,16.20,1705,1364,1.25,34,1.99,0.48,9.50,2,actions:offsite_conversion.fb_pixel_purchase,8.10,2,100.00,7-day click or 1-day view
2026-09-20,2026-09-20,2026-09-20,1234567890,Bloom Botanicals,Prospecting | Lookalike 3% | Night Cream,120210000000000003,active,OUTCOME_SALES,LAL 3% Purchasers,120210000000000031,active,Night Cream – Texture – Video 6s,120210000000000311,active,43.20,4547,3638,1.25,45,0.99,0.96,9.50,,actions:offsite_conversion.fb_pixel_purchase,,,,7-day click or 1-day view
2026-09-21,2026-09-21,2026-09-21,1234567890,Bloom Botanicals,Prospecting | Broad | Spring Serum,120210000000000001,active,OUTCOME_SALES,Broad · UK · 25–54,120210000000000011,active,"Serum – UGC, Before/After – Video 15s",120210000000000111,active,57.60,6063,4850,1.25,91,1.50,0.63,9.50,4,actions:offsite_conversion.fb_pixel_purchase,14.40,4,192.00,7-day click or 1-day view
2026-09-21,2026-09-21,2026-09-21,1234567890,Bloom Botanicals,Prospecting | Broad | Spring Serum,120210000000000001,active,OUTCOME_SALES,Broad · UK · 18–34,120210000000000012,active,"Serum – ""Glow"" Static",120210000000000121,active,28.80,3032,2426,1.25,36,1.19,0.80,9.50,1,actions:offsite_conversion.fb_pixel_purchase,28.80,1,46.00,7-day click or 1-day view
2026-09-21,2026-09-21,2026-09-21,1234567890,Bloom Botanicals,Retargeting | Site Visitors 30D,120210000000000002,active,OUTCOME_SALES,Visitors 30D excl. buyers,120210000000000021,active,Catalogue – Carousel,120210000000000211,active,24.00,2526,2021,1.25,63,2.49,0.38,9.50,5,actions:offsite_conversion.fb_pixel_purchase,4.80,5,260.00,7-day click or 1-day view
2026-09-21,2026-09-21,2026-09-21,1234567890,Bloom Botanicals,Retargeting | Site Visitors 30D,120210000000000002,active,OUTCOME_SALES,Visitors 30D excl. buyers,120210000000000021,active,Free Delivery – Static,120210000000000212,active,14.40,1516,1213,1.25,30,1.98,0.48,9.50,2,actions:offsite_conversion.fb_pixel_purchase,7.20,2,100.00,7-day click or 1-day view
2026-09-21,2026-09-21,2026-09-21,1234567890,Bloom Botanicals,Prospecting | Lookalike 3% | Night Cream,120210000000000003,active,OUTCOME_SALES,LAL 3% Purchasers,120210000000000031,active,Night Cream – Texture – Video 6s,120210000000000311,active,38.40,4042,3234,1.25,40,0.99,0.96,9.50,,actions:offsite_conversion.fb_pixel_purchase,,,,7-day click or 1-day view
2026-09-22,2026-09-22,2026-09-22,1234567890,Bloom Botanicals,Prospecting | Broad | Spring Serum,120210000000000001,active,OUTCOME_SALES,Broad · UK · 25–54,120210000000000011,active,"Serum – UGC, Before/After – Video 15s",120210000000000111,active,62.40,6568,5254,1.25,99,1.51,0.63,9.50,4,actions:offsite_conversion.fb_pixel_purchase,15.60,4,192.00,7-day click or 1-day view
2026-09-22,2026-09-22,2026-09-22,1234567890,Bloom Botanicals,Prospecting | Broad | Spring Serum,120210000000000001,active,OUTCOME_SALES,Broad · UK · 18–34,120210000000000012,active,"Serum – ""Glow"" Static",120210000000000121,active,31.20,3284,2627,1.25,39,1.19,0.80,9.50,1,actions:offsite_conversion.fb_pixel_purchase,31.20,1,46.00,7-day click or 1-day view
2026-09-22,2026-09-22,2026-09-22,1234567890,Bloom Botanicals,Retargeting | Site Visitors 30D,120210000000000002,active,OUTCOME_SALES,Visitors 30D excl. buyers,120210000000000021,active,Catalogue – Carousel,120210000000000211,active,26.00,2737,2190,1.25,68,2.48,0.38,9.50,5,actions:offsite_conversion.fb_pixel_purchase,5.20,5,260.00,7-day click or 1-day view
2026-09-22,2026-09-22,2026-09-22,1234567890,Bloom Botanicals,Retargeting | Site Visitors 30D,120210000000000002,active,OUTCOME_SALES,Visitors 30D excl. buyers,120210000000000021,active,Free Delivery – Static,120210000000000212,active,15.60,1642,1314,1.25,33,2.01,0.47,9.50,2,actions:offsite_conversion.fb_pixel_purchase,7.80,2,100.00,7-day click or 1-day view
2026-09-22,2026-09-22,2026-09-22,1234567890,Bloom Botanicals,Prospecting | Lookalike 3% | Night Cream,120210000000000003,active,OUTCOME_SALES,LAL 3% Purchasers,120210000000000031,active,Night Cream – Texture – Video 6s,120210000000000311,active,41.60,4379,3503,1.25,44,1.00,0.95,9.50,,actions:offsite_conversion.fb_pixel_purchase,,,,7-day click or 1-day view
2026-09-23,2026-09-23,2026-09-23,1234567890,Bloom Botanicals,Prospecting | Broad | Spring Serum,120210000000000001,active,OUTCOME_SALES,Broad · UK · 25–54,120210000000000011,active,"Serum – UGC, Before/After – Video 15s",120210000000000111,active,55.20,5811,4649,1.25,87,1.50,0.63,9.50,3,actions:offsite_conversion.fb_pixel_purchase,18.40,3,144.00,7-day click or 1-day view
2026-09-23,2026-09-23,2026-09-23,1234567890,Bloom Botanicals,Prospecting | Broad | Spring Serum,120210000000000001,active,OUTCOME_SALES,Broad · UK · 18–34,120210000000000012,active,"Serum – ""Glow"" Static",120210000000000121,active,27.60,2905,2324,1.25,35,1.20,0.79,9.50,1,actions:offsite_conversion.fb_pixel_purchase,27.60,1,46.00,7-day click or 1-day view
2026-09-23,2026-09-23,2026-09-23,1234567890,Bloom Botanicals,Retargeting | Site Visitors 30D,120210000000000002,active,OUTCOME_SALES,Visitors 30D excl. buyers,120210000000000021,active,Catalogue – Carousel,120210000000000211,active,23.00,2421,1937,1.25,61,2.52,0.38,9.50,5,actions:offsite_conversion.fb_pixel_purchase,4.60,5,260.00,7-day click or 1-day view
2026-09-23,2026-09-23,2026-09-23,1234567890,Bloom Botanicals,Retargeting | Site Visitors 30D,120210000000000002,active,OUTCOME_SALES,Visitors 30D excl. buyers,120210000000000021,active,Free Delivery – Static,120210000000000212,active,13.80,1453,1162,1.25,29,2.00,0.48,9.50,2,actions:offsite_conversion.fb_pixel_purchase,6.90,2,100.00,7-day click or 1-day view
2026-09-23,2026-09-23,2026-09-23,1234567890,Bloom Botanicals,Prospecting | Lookalike 3% | Night Cream,120210000000000003,active,OUTCOME_SALES,LAL 3% Purchasers,120210000000000031,active,Night Cream – Texture – Video 6s,120210000000000311,active,36.80,3874,3099,1.25,39,1.01,0.94,9.50,,actions:offsite_conversion.fb_pixel_purchase,,,,7-day click or 1-day view
2026-09-24,2026-09-24,2026-09-24,1234567890,Bloom Botanicals,Prospecting | Broad | Spring Serum,120210000000000001,active,OUTCOME_SALES,Broad · UK · 25–54,120210000000000011,active,"Serum – UGC, Before/After – Video 15s",120210000000000111,active,60.00,6316,5053,1.25,95,1.50,0.63,9.50,4,actions:offsite_conversion.fb_pixel_purchase,15.00,4,192.00,7-day click or 1-day view
2026-09-24,2026-09-24,2026-09-24,1234567890,Bloom Botanicals,Prospecting | Broad | Spring Serum,120210000000000001,active,OUTCOME_SALES,Broad · UK · 18–34,120210000000000012,active,"Serum – ""Glow"" Static",120210000000000121,active,30.00,3158,2526,1.25,38,1.20,0.79,9.50,1,actions:offsite_conversion.fb_pixel_purchase,30.00,1,46.00,7-day click or 1-day view
2026-09-24,2026-09-24,2026-09-24,1234567890,Bloom Botanicals,Retargeting | Site Visitors 30D,120210000000000002,active,OUTCOME_SALES,Visitors 30D excl. buyers,120210000000000021,active,Catalogue – Carousel,120210000000000211,active,25.00,2632,2106,1.25,66,2.51,0.38,9.50,5,actions:offsite_conversion.fb_pixel_purchase,5.00,5,260.00,7-day click or 1-day view
2026-09-24,2026-09-24,2026-09-24,1234567890,Bloom Botanicals,Retargeting | Site Visitors 30D,120210000000000002,active,OUTCOME_SALES,Visitors 30D excl. buyers,120210000000000021,active,Free Delivery – Static,120210000000000212,active,15.00,1579,1263,1.25,32,2.03,0.47,9.50,2,actions:offsite_conversion.fb_pixel_purchase,7.50,2,100.00,7-day click or 1-day view
2026-09-24,2026-09-24,2026-09-24,1234567890,Bloom Botanicals,Prospecting | Lookalike 3% | Night Cream,120210000000000003,active,OUTCOME_SALES,LAL 3% Purchasers,120210000000000031,active,Night Cream – Texture – Video 6s,120210000000000311,active,40.00,4211,3369,1.25,42,1.00,0.95,9.50,,actions:offsite_conversion.fb_pixel_purchase,,,,7-day click or 1-day view
2026-09-25,2026-09-25,2026-09-25,1234567890,Bloom Botanicals,Prospecting | Broad | Spring Serum,120210000000000001,active,OUTCOME_SALES,Broad · UK · 25–54,120210000000000011,active,"Serum – UGC, Before/After – Video 15s",120210000000000111,active,64.80,6821,5457,1.25,102,1.50,0.64,9.50,4,actions:offsite_conversion.fb_pixel_purchase,16.20,4,192.00,7-day click or 1-day view
2026-09-25,2026-09-25,2026-09-25,1234567890,Bloom Botanicals,Prospecting | Broad | Spring Serum,120210000000000001,active,OUTCOME_SALES,Broad · UK · 18–34,120210000000000012,active,"Serum – ""Glow"" Static",120210000000000121,active,32.40,3411,2729,1.25,41,1.20,0.79,9.50,1,actions:offsite_conversion.fb_pixel_purchase,32.40,1,46.00,7-day click or 1-day view
2026-09-25,2026-09-25,2026-09-25,1234567890,Bloom Botanicals,Retargeting | Site Visitors 30D,120210000000000002,active,OUTCOME_SALES,Visitors 30D excl. buyers,120210000000000021,active,Catalogue – Carousel,120210000000000211,active,27.00,2842,2274,1.25,71,2.50,0.38,9.50,6,actions:offsite_conversion.fb_pixel_purchase,4.50,6,312.00,7-day click or 1-day view
2026-09-25,2026-09-25,2026-09-25,1234567890,Bloom Botanicals,Retargeting | Site Visitors 30D,120210000000000002,active,OUTCOME_SALES,Visitors 30D excl. buyers,120210000000000021,active,Free Delivery – Static,120210000000000212,active,16.20,1705,1364,1.25,34,1.99,0.48,9.50,2,actions:offsite_conversion.fb_pixel_purchase,8.10,2,100.00,7-day click or 1-day view
2026-09-25,2026-09-25,2026-09-25,1234567890,Bloom Botanicals,Prospecting | Lookalike 3% | Night Cream,120210000000000003,active,OUTCOME_SALES,LAL 3% Purchasers,120210000000000031,active,Night Cream – Texture – Video 6s,120210000000000311,active,43.20,4547,3638,1.25,45,0.99,0.96,9.50,,actions:offsite_conversion.fb_pixel_purchase,,,,7-day click or 1-day view
2026-09-26,2026-09-26,2026-09-26,1234567890,Bloom Botanicals,Prospecting | Broad | Spring Serum,120210000000000001,active,OUTCOME_SALES,Broad · UK · 25–54,120210000000000011,active,"Serum – UGC, Before/After – Video 15s",120210000000000111,active,57.60,6063,4850,1.25,91,1.50,0.63,9.50,4,actions:offsite_conversion.fb_pixel_purchase,14.40,4,192.00,7-day click or 1-day view
2026-09-26,2026-09-26,2026-09-26,1234567890,Bloom Botanicals,Prospecting | Broad | Spring Serum,120210000000000001,active,OUTCOME_SALES,Broad · UK · 18–34,120210000000000012,active,"Serum – ""Glow"" Static",120210000000000121,active,28.80,3032,2426,1.25,36,1.19,0.80,9.50,1,actions:offsite_conversion.fb_pixel_purchase,28.80,1,46.00,7-day click or 1-day view
2026-09-26,2026-09-26,2026-09-26,1234567890,Bloom Botanicals,Retargeting | Site Visitors 30D,120210000000000002,active,OUTCOME_SALES,Visitors 30D excl. buyers,120210000000000021,active,Catalogue – Carousel,120210000000000211,active,24.00,2526,2021,1.25,63,2.49,0.38,9.50,5,actions:offsite_conversion.fb_pixel_purchase,4.80,5,260.00,7-day click or 1-day view
2026-09-26,2026-09-26,2026-09-26,1234567890,Bloom Botanicals,Retargeting | Site Visitors 30D,120210000000000002,active,OUTCOME_SALES,Visitors 30D excl. buyers,120210000000000021,active,Free Delivery – Static,120210000000000212,active,14.40,1516,1213,1.25,30,1.98,0.48,9.50,2,actions:offsite_conversion.fb_pixel_purchase,7.20,2,100.00,7-day click or 1-day view
2026-09-26,2026-09-26,2026-09-26,1234567890,Bloom Botanicals,Prospecting | Lookalike 3% | Night Cream,120210000000000003,active,OUTCOME_SALES,LAL 3% Purchasers,120210000000000031,active,Night Cream – Texture – Video 6s,120210000000000311,active,38.40,4042,3234,1.25,40,0.99,0.96,9.50,,actions:offsite_conversion.fb_pixel_purchase,,,,7-day click or 1-day view
2026-09-27,2026-09-27,2026-09-27,1234567890,Bloom Botanicals,Prospecting | Broad | Spring Serum,120210000000000001,active,OUTCOME_SALES,Broad · UK · 25–54,120210000000000011,active,"Serum – UGC, Before/After – Video 15s",120210000000000111,active,62.40,6568,5254,1.25,99,1.51,0.63,9.50,4,actions:offsite_conversion.fb_pixel_purchase,15.60,4,192.00,7-day click or 1-day view
2026-09-27,2026-09-27,2026-09-27,1234567890,Bloom Botanicals,Prospecting | Broad | Spring Serum,120210000000000001,active,OUTCOME_SALES,Broad · UK · 18–34,120210000000000012,active,"Serum – ""Glow"" Static",120210000000000121,active,31.20,3284,2627,1.25,39,1.19,0.80,9.50,1,actions:offsite_conversion.fb_pixel_purchase,31.20,1,46.00,7-day click or 1-day view
2026-09-27,2026-09-27,2026-09-27,1234567890,Bloom Botanicals,Retargeting | Site Visitors 30D,120210000000000002,active,OUTCOME_SALES,Visitors 30D excl. buyers,120210000000000021,active,Catalogue – Carousel,120210000000000211,active,26.00,2737,2190,1.25,68,2.48,0.38,9.50,5,actions:offsite_conversion.fb_pixel_purchase,5.20,5,260.00,7-day click or 1-day view
2026-09-27,2026-09-27,2026-09-27,1234567890,Bloom Botanicals,Retargeting | Site Visitors 30D,120210000000000002,active,OUTCOME_SALES,Visitors 30D excl. buyers,120210000000000021,active,Free Delivery – Static,120210000000000212,active,15.60,1642,1314,1.25,33,2.01,0.47,9.50,2,actions:offsite_conversion.fb_pixel_purchase,7.80,2,100.00,7-day click or 1-day view
2026-09-27,2026-09-27,2026-09-27,1234567890,Bloom Botanicals,Prospecting | Lookalike 3% | Night Cream,120210000000000003,active,OUTCOME_SALES,LAL 3% Purchasers,120210000000000031,active,Night Cream – Texture – Video 6s,120210000000000311,active,41.60,4379,3503,1.25,44,1.00,0.95,9.50,,actions:offsite_conversion.fb_pixel_purchase,,,,7-day click or 1-day view
2026-09-28,2026-09-28,2026-09-28,1234567890,Bloom Botanicals,Prospecting | Broad | Spring Serum,120210000000000001,active,OUTCOME_SALES,Broad · UK · 25–54,120210000000000011,active,"Serum – UGC, Before/After – Video 15s",120210000000000111,active,55.20,5811,4649,1.25,87,1.50,0.63,9.50,3,actions:offsite_conversion.fb_pixel_purchase,18.40,3,144.00,7-day click or 1-day view
2026-09-28,2026-09-28,2026-09-28,1234567890,Bloom Botanicals,Prospecting | Broad | Spring Serum,120210000000000001,active,OUTCOME_SALES,Broad · UK · 18–34,120210000000000012,active,"Serum – ""Glow"" Static",120210000000000121,active,27.60,2905,2324,1.25,35,1.20,0.79,9.50,1,actions:offsite_conversion.fb_pixel_purchase,27.60,1,46.00,7-day click or 1-day view
2026-09-28,2026-09-28,2026-09-28,1234567890,Bloom Botanicals,Retargeting | Site Visitors 30D,120210000000000002,active,OUTCOME_SALES,Visitors 30D excl. buyers,120210000000000021,active,Catalogue – Carousel,120210000000000211,active,23.00,2421,1937,1.25,61,2.52,0.38,9.50,5,actions:offsite_conversion.fb_pixel_purchase,4.60,5,260.00,7-day click or 1-day view
2026-09-28,2026-09-28,2026-09-28,1234567890,Bloom Botanicals,Retargeting | Site Visitors 30D,120210000000000002,active,OUTCOME_SALES,Visitors 30D excl. buyers,120210000000000021,active,Free Delivery – Static,120210000000000212,active,13.80,1453,1162,1.25,29,2.00,0.48,9.50,2,actions:offsite_conversion.fb_pixel_purchase,6.90,2,100.00,7-day click or 1-day view
2026-09-28,2026-09-28,2026-09-28,1234567890,Bloom Botanicals,Prospecting | Lookalike 3% | Night Cream,120210000000000003,active,OUTCOME_SALES,LAL 3% Purchasers,120210000000000031,active,Night Cream – Texture – Video 6s,120210000000000311,active,36.80,3874,3099,1.25,39,1.01,0.94,9.50,,actions:offsite_conversion.fb_pixel_purchase,,,,7-day click or 1-day view
2026-09-29,2026-09-29,2026-09-29,1234567890,Bloom Botanicals,Prospecting | Broad | Spring Serum,120210000000000001,active,OUTCOME_SALES,Broad · UK · 25–54,120210000000000011,active,"Serum – UGC, Before/After – Video 15s",120210000000000111,active,60.00,6316,5053,1.25,95,1.50,0.63,9.50,4,actions:offsite_conversion.fb_pixel_purchase,15.00,4,192.00,7-day click or 1-day view
2026-09-29,2026-09-29,2026-09-29,1234567890,Bloom Botanicals,Prospecting | Broad | Spring Serum,120210000000000001,active,OUTCOME_SALES,Broad · UK · 18–34,120210000000000012,active,"Serum – ""Glow"" Static",120210000000000121,active,30.00,3158,2526,1.25,38,1.20,0.79,9.50,1,actions:offsite_conversion.fb_pixel_purchase,30.00,1,46.00,7-day click or 1-day view
2026-09-29,2026-09-29,2026-09-29,1234567890,Bloom Botanicals,Retargeting | Site Visitors 30D,120210000000000002,active,OUTCOME_SALES,Visitors 30D excl. buyers,120210000000000021,active,Catalogue – Carousel,120210000000000211,active,25.00,2632,2106,1.25,66,2.51,0.38,9.50,5,actions:offsite_conversion.fb_pixel_purchase,5.00,5,260.00,7-day click or 1-day view
2026-09-29,2026-09-29,2026-09-29,1234567890,Bloom Botanicals,Retargeting | Site Visitors 30D,120210000000000002,active,OUTCOME_SALES,Visitors 30D excl. buyers,120210000000000021,active,Free Delivery – Static,120210000000000212,active,15.00,1579,1263,1.25,32,2.03,0.47,9.50,2,actions:offsite_conversion.fb_pixel_purchase,7.50,2,100.00,7-day click or 1-day view
2026-09-29,2026-09-29,2026-09-29,1234567890,Bloom Botanicals,Prospecting | Lookalike 3% | Night Cream,120210000000000003,active,OUTCOME_SALES,LAL 3% Purchasers,120210000000000031,active,Night Cream – Texture – Video 6s,120210000000000311,active,40.00,4211,3369,1.25,42,1.00,0.95,9.50,,actions:offsite_conversion.fb_pixel_purchase,,,,7-day click or 1-day view
2026-09-30,2026-09-30,2026-09-30,1234567890,Bloom Botanicals,Prospecting | Broad | Spring Serum,120210000000000001,active,OUTCOME_SALES,Broad · UK · 25–54,120210000000000011,active,"Serum – UGC, Before/After – Video 15s",120210000000000111,active,64.80,6821,5457,1.25,102,1.50,0.64,9.50,4,actions:offsite_conversion.fb_pixel_purchase,16.20,4,192.00,7-day click or 1-day view
2026-09-30,2026-09-30,2026-09-30,1234567890,Bloom Botanicals,Prospecting | Broad | Spring Serum,120210000000000001,active,OUTCOME_SALES,Broad · UK · 18–34,120210000000000012,active,"Serum – ""Glow"" Static",120210000000000121,active,32.40,3411,2729,1.25,41,1.20,0.79,9.50,1,actions:offsite_conversion.fb_pixel_purchase,32.40,1,46.00,7-day click or 1-day view
2026-09-30,2026-09-30,2026-09-30,1234567890,Bloom Botanicals,Retargeting | Site Visitors 30D,120210000000000002,active,OUTCOME_SALES,Visitors 30D excl. buyers,120210000000000021,active,Catalogue – Carousel,120210000000000211,active,27.00,2842,2274,1.25,71,2.50,0.38,9.50,6,actions:offsite_conversion.fb_pixel_purchase,4.50,6,312.00,7-day click or 1-day view
2026-09-30,2026-09-30,2026-09-30,1234567890,Bloom Botanicals,Retargeting | Site Visitors 30D,120210000000000002,active,OUTCOME_SALES,Visitors 30D excl. buyers,120210000000000021,active,Free Delivery – Static,120210000000000212,active,16.20,1705,1364,1.25,34,1.99,0.48,9.50,2,actions:offsite_conversion.fb_pixel_purchase,8.10,2,100.00,7-day click or 1-day view
2026-09-30,2026-09-30,2026-09-30,1234567890,Bloom Botanicals,Prospecting | Lookalike 3% | Night Cream,120210000000000003,active,OUTCOME_SALES,LAL 3% Purchasers,120210000000000031,active,Night Cream – Texture – Video 6s,120210000000000311,active,43.20,4547,3638,1.25,45,0.99,0.96,9.50,,actions:offsite_conversion.fb_pixel_purchase,,,,7-day click or 1-day view
