Day,Campaign name,Campaign ID,Ad set name,Ad set ID,Ad name,Ad ID,Amount spent (GBP),Impressions,Link clicks,Leads,Cost per lead (GBP)
2026-09-17,Leads | Local 5mi | Free Consultation,120220000000000001,Radius 5mi 25–55,120220000000000011,Consultation – Testimonial – Static,120220000000000111,20.80,2189,31,2,10.40
2026-09-17,Leads | Retargeting | Visitors,120220000000000002,Visitors 30D,120220000000000021,Book Now – Video 10s,120220000000000211,10.40,1095,24,2,5.20
2026-09-18,Leads | Local 5mi | Free Consultation,120220000000000001,Radius 5mi 25–55,120220000000000011,Consultation – Testimonial – Static,120220000000000111,18.40,1937,27,2,9.20
2026-09-18,Leads | Retargeting | Visitors,120220000000000002,Visitors 30D,120220000000000021,Book Now – Video 10s,120220000000000211,9.20,968,21,2,4.60
2026-09-19,Leads | Local 5mi | Free Consultation,120220000000000001,Radius 5mi 25–55,120220000000000011,Consultation – Testimonial – Static,120220000000000111,20.00,2105,29,2,10.00
2026-09-19,Leads | Retargeting | Visitors,120220000000000002,Visitors 30D,120220000000000021,Book Now – Video 10s,120220000000000211,10.00,1053,23,2,5.00
2026-09-20,Leads | Local 5mi | Free Consultation,120220000000000001,Radius 5mi 25–55,120220000000000011,Consultation – Testimonial – Static,120220000000000111,21.60,2274,32,2,10.80
2026-09-20,Leads | Retargeting | Visitors,120220000000000002,Visitors 30D,120220000000000021,Book Now – Video 10s,120220000000000211,10.80,1137,25,3,3.60
2026-09-21,Leads | Local 5mi | Free Consultation,120220000000000001,Radius 5mi 25–55,120220000000000011,Consultation – Testimonial – Static,120220000000000111,19.20,2021,28,2,9.60
2026-09-21,Leads | Retargeting | Visitors,120220000000000002,Visitors 30D,120220000000000021,Book Now – Video 10s,120220000000000211,9.60,1011,22,2,4.80
2026-09-22,Leads | Local 5mi | Free Consultation,120220000000000001,Radius 5mi 25–55,120220000000000011,Consultation – Testimonial – Static,120220000000000111,20.80,2189,31,2,10.40
2026-09-22,Leads | Retargeting | Visitors,120220000000000002,Visitors 30D,120220000000000021,Book Now – Video 10s,120220000000000211,10.40,1095,24,2,5.20
2026-09-23,Leads | Local 5mi | Free Consultation,120220000000000001,Radius 5mi 25–55,120220000000000011,Consultation – Testimonial – Static,120220000000000111,18.40,1937,27,2,9.20
2026-09-23,Leads | Retargeting | Visitors,120220000000000002,Visitors 30D,120220000000000021,Book Now – Video 10s,120220000000000211,9.20,968,21,2,4.60
2026-09-24,Leads | Local 5mi | Free Consultation,120220000000000001,Radius 5mi 25–55,120220000000000011,Consultation – Testimonial – Static,120220000000000111,20.00,2105,29,2,10.00
2026-09-24,Leads | Retargeting | Visitors,120220000000000002,Visitors 30D,120220000000000021,Book Now – Video 10s,120220000000000211,10.00,1053,23,2,5.00
2026-09-25,Leads | Local 5mi | Free Consultation,120220000000000001,Radius 5mi 25–55,120220000000000011,Consultation – Testimonial – Static,120220000000000111,21.60,2274,32,2,10.80
2026-09-25,Leads | Retargeting | Visitors,120220000000000002,Visitors 30D,120220000000000021,Book Now – Video 10s,120220000000000211,10.80,1137,25,3,3.60
2026-09-26,Leads | Local 5mi | Free Consultation,120220000000000001,Radius 5mi 25–55,120220000000000011,Consultation – Testimonial – Static,120220000000000111,19.20,2021,28,2,9.60
2026-09-26,Leads | Retargeting | Visitors,120220000000000002,Visitors 30D,120220000000000021,Book Now – Video 10s,120220000000000211,9.60,1011,22,2,4.80
2026-09-27,Leads | Local 5mi | Free Consultation,120220000000000001,Radius 5mi 25–55,120220000000000011,Consultation – Testimonial – Static,120220000000000111,20.80,2189,31,2,10.40
2026-09-27,Leads | Retargeting | Visitors,120220000000000002,Visitors 30D,120220000000000021,Book Now – Video 10s,120220000000000211,10.40,1095,24,2,5.20
2026-09-28,Leads | Local 5mi | Free Consultation,120220000000000001,Radius 5mi 25–55,120220000000000011,Consultation – Testimonial – Static,120220000000000111,18.40,1937,27,2,9.20
2026-09-28,Leads | Retargeting | Visitors,120220000000000002,Visitors 30D,120220000000000021,Book Now – Video 10s,120220000000000211,9.20,968,21,2,4.60
2026-09-29,Leads | Local 5mi | Free Consultation,120220000000000001,Radius 5mi 25–55,120220000000000011,Consultation – Testimonial – Static,120220000000000111,20.00,2105,29,2,10.00
2026-09-29,Leads | Retargeting | Visitors,120220000000000002,Visitors 30D,120220000000000021,Book Now – Video 10s,120220000000000211,10.00,1053,23,2,5.00
2026-09-30,Leads | Local 5mi | Free Consultation,120220000000000001,Radius 5mi 25–55,120220000000000011,Consultation – Testimonial – Static,120220000000000111,21.60,2274,32,2,10.80
2026-09-30,Leads | Retargeting | Visitors,120220000000000002,Visitors 30D,120220000000000021,Book Now – Video 10s,120220000000000211,10.80,1137,25,3,3.60
